/* Данная база данных предназначена для создания структуры хранения и обработки данных, 
необходимых при работе каршеринга Яндекс.Драйв. 
В базе данных реализованы следующие сущности:
- Пользователи
- Профили
- Категории автомобилей
- Модели автомобилей
- Поездки
- Типы тарифов
- Тарифы
- Маршруты
- Чеки
- Типы медиафайлов
- Медиафайлы
- Осмотры
- Проишествия
*/

USE YandexDrive;

-- Заполнение таблицы "Пользователи"
INSERT INTO users (`firstname`, `lastname`, `email`, `phone`)
VALUES
('Nikolay','Ivanov','n.ivanov@gmail.com', '79037550013'),
('Nikolay','Ivanov','n.ivanov@yandex.ru', '79160510000'),
('Nikolay','Ivanov','n.ivanov@mail.ru', '79090544413'),
('Nikolay','Ivanov','n.ivanov@gmail.com', '79090595413'),
('Nikolay','Ivanov','n.ivanov@gmail.com', '79250545125'),
('Nikolay','Ivanov','n.ivanov@yandex.ru', '79250055400'),
('Nikolay','Ivanov','n.ivanov@mail.ru', '79160545913'),
('Nikolay','Ivanov','n.ivanov@yandex.ru', '791605495413'),
('Nikolay','Ivanov','n.ivanov@yandex.ru', '79160745487'),
('Nikolay','Ivanov','n.ivanov@yandex.ru', '790900945756'),
('Nikolay','Ivanov','n.ivanov@mail.ru', '79037545813'),
('Nikolay','Ivanov','n.ivanov@mail.ru', '79090545413'),
('Nikolay','Ivanov','n.ivanov@yandex.ru', '79090585453'),
('Nikolay','Ivanov','n.ivanov@gmail.com', '79090578759'),
('Nikolay','Ivanov','n.ivanov@gmail.com', '79090544413'),
('Nikolay','Ivanov','n.ivanov@mail.ru', '79090541413'),
('Nikolay','Ivanov','n.ivanov@inbox.ru', '790905400413'),
('Nikolay','Ivanov','n.ivanov@mail.ru', '791605454713'),
('Nikolay','Ivanov','n.ivanov@yandex.ru', '79037547413'),
('Nikolay','Ivanov','n.ivanov@gmail.com', '79160549412'),
('Nikolay','Ivanov','n.ivanov@mail.ru', '79162545473'),
('Nikolay','Ivanov','n.ivanov@inbox.ru', '79250544147'),
('Nikolay','Ivanov','n.ivanov@mail.ru', '79090544413'),
('Nikolay','Ivanov','n.ivanov@yandex.ru', '79160450413'),
('Nikolay','Ivanov','n.ivanov@yandex.ru', '790905042513'),
('Nikolay','Ivanov','n.ivanov@inbox.ru', '79090595783'),
('Nikolay','Ivanov','n.ivanov@gmail.com', '79037940413'),
('Nikolay','Ivanov','n.ivanov@mail.ru', '79160548403'),
('Nikolay','Ivanov','n.ivanov@yandex.ru', '79090555417'),
('Nikolay','Ivanov','n.ivanov@yandex.ru', '79250510418'),
('Nikolay','Ivanov','n.ivanov@yandex.ru', '79037530417'),
('Nikolay','Ivanov','n.ivanov@yandex.ru', '79160540413'),
('Nikolay','Ivanov','n.ivanov@yandex.ru', '79250548419'),
('Nikolay','Ivanov','n.ivanov@yandex.ru', '79160549413'),
('Nikolay','Ivanov','n.ivanov@yandex.ru', '79254579411'),
('Nikolay','Ivanov','n.ivanov@mail.ru', '79090545403'),
('Nikolay','Ivanov','n.ivanov@mail.ru', '79250545417'),
('Nikolay','Ivanov','n.ivanov@gmail.com', '79090545411'),
('Nikolay','Ivanov','n.ivanov@mail.ru', '79160505413'),
('Nikolay','Ivanov','n.ivanov@yandex.ru', '79091026413'),
('Nikolay','Ivanov','n.ivanov@inbox.ru', '79094975413'),
('Nikolay','Ivanov','n.ivanov@inbox.ru', '79160505413'),
('Nikolay','Ivanov','n.ivanov@yandex.ru', '79090465913'),
('Nikolay','Ivanov','n.ivanov@mail.ru', '79037540413'),
('Nikolay','Ivanov','n.ivanov@mail.ru', '79160545753'),
('Nikolay','Ivanov','n.ivanov@yandex.ru', '79070511413'),
('Nikolay','Ivanov','n.ivanov@yandex.ru', '79109487546'),
('Nikolay','Ivanov','n.ivanov@gmail.com', '79110553413'),
('Nikolay','Ivanov','n.ivanov@mail.ru', '79090540413'),
('Nikolay','Ivanov','n.ivanov@mail.ru', '79037545413'),
('Nikolay','Ivanov','n.ivanov@yandex.ru', '79090545413'),
('Nikolay','Ivanov','n.ivanov@mail.ru', '79090540413'),
('Nikolay','Ivanov','n.ivanov@mail.ru', '79090500413'),
('Nikolay','Ivanov','n.ivanov@yandex.ru', '79090545413'),
('Nikolay','Ivanov','n.ivanov@mail.ru', '79090541254'),
('Nikolay','Ivanov','n.ivanov@gmail.com', '79090045413'),
('Nikolay','Ivanov','n.ivanov@inbox.ru', '79090545413'),
('Nikolay','Ivanov','n.ivanov@list.ru', '79160541009'),
('Nikolay','Ivanov','n.ivanov@mail.ru', '79090545413'),
('Nikolay','Ivanov','n.ivanov@gmail.com', '79037500413'),
('Nikolay','Ivanov','n.ivanov@gmail.com', '79090541365'),
('Nikolay','Ivanov','n.ivanov@list.ru', '7909054543'),
('Nikolay','Ivanov','n.ivanov@mail.ru', '79160541086'),
('Nikolay','Ivanov','n.ivanov@yandex.ru', '79037540632'),
('Nikolay','Ivanov','n.ivanov@list.ru', '79090545154'),
('Nikolay','Ivanov','n.ivanov@mail.ru', '79160541584'),
('Nikolay','Ivanov','n.ivanov@yandex.ru', '79090505421'),
('Nikolay','Ivanov','n.ivanov@mail.ru', '79250545442'),
('Nikolay','Ivanov','n.ivanov@mail.ru', '79090545488'),
('Nikolay','Ivanov','n.ivanov@yandex.ru', '79090005499'),
('Nikolay','Ivanov','n.ivanov@list.ru', '79090545413'),
('Nikolay','Ivanov','n.ivanov@mail.ru', '79250545400'),
('Nikolay','Ivanov','n.ivanov@yandex.ru', '79090545063'),
('Nikolay','Ivanov','n.ivanov@mail.ru', '79250545413'),
('Nikolay','Ivanov','n.ivanov@mail.ru', '79094579864'),
('Nikolay','Ivanov','n.ivanov@yandex.ru', '79090545419'),
('Nikolay','Ivanov','n.ivanov@gmail.com', '79090545483'),
('Nikolay','Ivanov','n.ivanov@mail.ru', '79090545413'),
('Nikolay','Ivanov','n.ivanov@yandex.ru', '79090545497'),
('Nikolay','Ivanov','n.ivanov@yandex.ru', '79250540013'),
('Nikolay','Ivanov','n.ivanov@mail.ru', '79160545413'),
('Nikolay','Ivanov','n.ivanov@yandex.ru', '79037540023'),
('Nikolay','Ivanov','n.ivanov@gmail.com', '79094659781'),
('Nikolay','Ivanov','n.ivanov@yandex.ru', '79250545413'),
('Nikolay','Ivanov','n.ivanov@mail.ru', '79160545413'),
('Nikolay','Ivanov','n.ivanov@gmail.com', '79090545013'),
('Nikolay','Ivanov','n.ivanov@yandex.ru', '79099998754'),
('Nikolay','Ivanov','n.ivanov@mail.ru', '79160545413'),
('Nikolay','Ivanov','n.ivanov@yandex.ru', '79091112408'),
('Nikolay','Ivanov','n.ivanov@list.ru', '79250545413'),
('Nikolay','Ivanov','n.ivanov@gmail.com', '79090545413'),
('Nikolay','Ivanov','n.ivanov@mail.ru', '79091342568'),
('Nikolay','Ivanov','n.ivanov@gmail.com', '79090545413'),
('Nikolay','Ivanov','n.ivanov@yandex.ru', '79090541579'),
('Nikolay','Ivanov','n.ivanov@gmail.com', '790904579814'),
('Nikolay','Ivanov','n.ivanov@mail.ru', '79097956428'),
('Nikolay','Ivanov','n.ivanov@inbox.ru', '79250545413'),
('Nikolay','Ivanov','n.ivanov@yandex.ru', '79251246589'),
('Nikolay','Ivanov','n.ivanov@gmail.com', '792512346598'),
('Nikolay','Ivanov','n.ivanov@list.ru', '79160545413')
;

-- Создание таблицы "Профили"
INSERT INTO profiles (`user_id`, `gender`, `birthday`, `photo_id`, `created_at`, 'driver_license')
VALUES
('1','m','1991-02-15','1','2018-05-12','7458965841'),
('2','m','1991-02-15','2','2019-7-05-12','1246758945'),
('3','m','1991-02-15','3','2017-05-12','1246598459'),
('4','m','1991-02-15','4','2019-05-12','1246969855'),
('5','m','1991-02-15','5','2018-05-12','1436894457'),
('6','m','1991-02-15','6','2018-05-12','4543445685'),
('7','m','1991-02-15','7','2018-05-12','7773934535'),
('8','m','1991-02-15','8','2018-05-12','5254343228'),
('9','m','1991-02-15','9','2018-05-12','5223138864'),
('10','m','1991-02-15','10','2018-05-12','4534535435'),
('11','m','1991-02-15','11','2018-05-12','1231231233'),
('12','m','1991-02-15','12','2018-05-12','7888582772'),
('13','m','1991-02-15','13','2018-05-12','8282412985'),
('14','m','1991-02-15','14','2018-05-12','4542542525'),
('15','m','1991-02-15','15','2018-05-12','4524242752'),
('16','m','1991-02-15','16','2018-05-12','4520770750'),
('17','m','1991-02-15','17','2018-05-12','4521078270'),
('18','m','1991-02-15','18','2018-05-12','7270787802'),
('19','m','1991-02-15','19','2018-05-12','7807986075'),
('20','m','1991-02-15','20','2018-05-12','4538858777'),
('21','m','1991-02-15','21','2018-05-12','0100454025'),
('22','m','1991-02-15','22','2018-05-12','4043250720'),
('23','m','1991-02-15','23','2018-05-12','0452074532'),
('24','m','1991-02-15','24','2018-05-12','1252087070'),
('25','m','1991-02-15','25','2018-05-12','7407569856'),
('26','m','1991-02-15','26','2018-05-12','1407425587'),
('27','m','1991-02-15','27','2018-05-12','7458545841'),
('28','m','1991-02-15','28','2018-05-12','7455865841'),
('29','m','1991-02-15','29','2018-05-12','7867865875'),
('30','m','1991-02-15','30','2018-05-12','4524007827'),
('31','m','1991-02-15','31','2018-05-12','4525425245'),
('32','m','1991-02-15','32','2018-05-12','5788681711'),
('33','m','1991-02-15','33','2018-05-12','7877527626'),
('34','m','1991-02-15','34','2018-05-12','7778678578'),
('35','m','1991-02-15','35','2018-05-12','4524245452'),
('36','m','1991-02-15','36','2018-05-12','4351757856'),
('37','m','1991-02-15','37','2018-05-12','4321238328'),
('38','m','1991-02-15','38','2018-05-12','0755787888'),
('39','m','1991-02-15','39','2018-05-12','1046343332'),
('40','m','1991-02-15','40','2018-05-12','4142257278'),
('41','m','1991-02-15','41','2018-05-12','7520702780'),
('42','m','1991-02-15','42','2018-05-12','4205478250'),
('43','m','1991-02-15','43','2018-05-12','4525052872'),
('44','m','1991-02-15','44','2018-05-12','4587807807'),
('45','m','1991-02-15','45','2018-05-12','7097607900'),
('46','m','1991-02-15','46','2018-05-12','7786609700'),
('47','m','1991-02-15','47','2018-05-12','9990707007'),
('48','m','1991-02-15','48','2018-05-12','7079670700'),
('49','m','1991-02-15','49','2018-05-12','9693336936'),
('50','m','1991-02-15','50','2018-05-12','9698383525'),
('51','m','1991-02-15','51','2018-05-12','3343438657'),
('52','m','1991-02-15','52','2018-05-12','7363738554'),
('53','m','1991-02-15','53','2018-05-12','4253434527'),
('54','m','1991-02-15','54','2018-05-12','3310780473'),
('55','m','1991-02-15','55','2018-05-12','4403887777'),
('56','m','1991-02-15','56','2018-05-12','7325242227'),
('57','m','1991-02-15','57','2018-05-12','3060434534'),
('58','m','1991-02-15','58','2018-05-12','1722728444'),
('59','m','1991-02-15','59','2018-05-12','1112457854'),
('60','m','1991-02-15','60','2018-05-12','3355554354'),
('61','m','1991-02-15','61','2018-05-12','7828377378'),
('62','m','1991-02-15','62','2018-05-12','4524573678'),
('63','m','1991-02-15','63','2018-05-12','1037830245'),
('64','m','1991-02-15','64','2018-05-12','2410282424'),
('65','m','1991-02-15','65','2018-05-12','1025254247'),
('66','m','1991-02-15','66','2018-05-12','1025443780'),
('67','m','1991-02-15','67','2018-05-12','1235437378'),
('68','m','1991-02-15','68','2018-05-12','9149541268'),
('69','m','1991-02-15','69','2018-05-12','1280343822'),
('70','m','1991-02-15','70','2018-05-12','1080349824'),
('71','m','1991-02-15','71','2018-05-12','9453282724'),
('72','m','1991-02-15','72','2018-05-12','4362955767'),
('73','m','1991-02-15','73','2018-05-12','1423038537'),
('74','m','1991-02-15','74','2018-05-12','0133594579'),
('75','m','1991-02-15','75','2018-05-12','1421695972'),
('76','m','1991-02-15','76','2018-05-12','4023829642'),
('77','m','1991-02-15','77','2018-05-12','1320006945'),
('78','m','1991-02-15','78','2018-05-12','0340532967'),
('79','m','1991-02-15','79','2018-05-12','4032625984'),
('80','m','1991-02-15','80','2018-05-12','1426294747'),
('81','m','1991-02-15','81','2018-05-12','7403026474'),
('82','m','1991-02-15','82','2018-05-12','7036426257'),
('83','m','1991-02-15','83','2018-05-12','1062567245'),
('84','m','1991-02-15','84','2018-05-12','4067295827'),
('85','m','1991-02-15','85','2018-05-12','4065954204'),
('86','m','1991-02-15','86','2018-05-12','4265545497'),
('87','m','1991-02-15','87','2018-05-12','4626427958'),
('88','m','1991-02-15','88','2018-05-12','2303462562'),
('89','m','1991-02-15','89','2018-05-12','4203628504'),
('90','m','1991-02-15','90','2018-05-12','4380596087'),
('91','m','1991-02-15','91','2018-05-12','4595928942'),
('92','m','1991-02-15','92','2018-05-12','4256459244'),
('93','m','1991-02-15','93','2018-05-12','4053628882'),
('94','m','1991-02-15','94','2018-05-12','4325642557'),
('95','m','1991-02-15','95','2018-05-12','4306269985'),
('96','m','1991-02-15','96','2018-05-12','5024625487'),
('97','m','1991-02-15','97','2018-05-12','4503838385'),
('98','m','1991-02-15','98','2018-05-12','4038882436'),
('99','m','1991-02-15','99','2018-05-12','0132672625'),
('100','m','1991-02-15','100','2018-05-12','3246050400')
;

-- Заполнение таблицы "Типы тарифов"
INSERT INTO tariff_types (`id`, `name`)
VALUES
	('1','Waiting'),
	('2','Fix'),
	('3','Minutes'),
	('4','Hours'),
	('5','Days'),
	('6','Intercity')
;

-- Заполнение таблицы "Тарифы"
INSERT INTO tariffs (`id`, `car_category`, `tariff_types`, `price`)
VALUES
	('1','1','1','3'),
	('2','1','2','200'),
	('3','1','3','8'),
	('4','1','4','250'),
	('5','1','5','2500'),
	--('6','1','6',''),
	('7','2','1','4'),
	('8','2','2','400'),
	('9','2','3','12'),
	('10','2','4','430'),
	('11','2','5','4300'),
	--('12','2','6',''),
	('13','3','1','5'),
	('14','3','2','700'),
	('15','3','3','12'),
	('16','3','4','470'),
	('17','3','5','6600'),
	('18','3','6','10700'),
	('19','4','1','8'),
	('20','4','2','1000'),
	('21','4','3','27'),
	('22','4','4','780'),
	('23','4','5','10300'),
	('24','4','6','15000'),
	--('25','5','1',''),
	('26','5','2','650'),
	('27','5','3','12'),
	('28','5','4','590'),
	--('29','5','5',''),
	--('30','5','6',''),
	('31','6','1','7'),
	--('32','6','2',''),
	('33','6','3','15'),
	('34','6','4','550'),
	('35','6','5','4600'),
	('36','6','6','12500'),
	('37','7','1','8'),
	--('38','7','2',''),
	('39','7','3','24'),
	('40','7','4','850'),
	('41','7','5','5900'),
	('42','7','6','12900')
;

-- Заполнение таблицы "Категории машин"
INSERT INTO car_category (`id`, `name`)
VALUES
	('1','Every_day'),
	('2','Every_day_plus'),
	('3','Holiday'),
	('4','Fire'),
	('5','Lightning'),
	('6','Trunk'),
	('7','Shuttle')
;

-- Заполнение таблицы "Модели машин"
INSERT INTO car_models (`id`, `mark`, `model`, `car_category_id`)
VALUES
	('1','KIA','Rio','1'),
	('2','KIA','X_line','1'),
	('3','Hyndai','Creta','1'),
	('4','Hyndai','Solaris','1'),
	('5','Volkswagen','Polo','1'),
	('6','Renault','Kaptur','1'),
	('7','Nissan','Qashqai','1'),
	('8','Skoda','Rapid','1'),
	('9','Skoda','Octavia','1'),
	('10','BMW','X1','2'),
	('11','BMW','320d','2'),
	('12','Volvo','XC40','2'),
	('13','Toyota','RAV4','2'),
	('14','Audi','Q3','2'),
	('15','Audi','Q3_quattro','2'),
	('16','Audi','A3','2'),
	('17','Genesis','G70','2'),
	('18','BMW','520i','3'),
	('19','Mersedes','C180','3'),
	('20','Mersedes','E200','3'),
	('21','Volvo','XC60','3'),
	('22','Porsche','Macan','4'),
	('23','Range_Rover','Velar','4'),
	('24','Nissan','Leaf','5'),
	('25','Volkswagen','Transporter','6'),
	('26','Citroen','Jumpy','6'),
	('27','Pegeout','Expert','6'),
	('28','Ford','Transit','6'),
	('29','Volkswagen','Caravelle','7'),
	('30','Ford','Kombi','7')
;

-- Заполнение таблицы "Типы медиафайлов"
INSERT INTO media_types (`id`, `name`,)
VALUES
	('1','Photo'),
	('2','Voice_call'),
	('3','Pdf'),
	('4','Video')
;

INSERT INTO cars (`reg_number`, `car_models_id`, `status`, `fuel`, 'location')
VALUES
('к548ок50','1','free','65','50.0025158581 45.231516516'),


55.916194, 37.802287