/* Данная база данных предназначена для создания структуры хранения и обработки данных, 
необходимых при работе каршеринга Яндекс.Драйв. 
В базе данных реализованы следующие сущности:
- Пользователи
- Профили
- Категории автомобилей
- Модели автомобилей
- Поездки
- Типы тарифов
- Тарифы
- Маршруты
- Чеки
- Типы медиафайлов
- Медиафайлы
- Осмотры
- Проишествия
*/

USE YandexDrive;
SET NAMES 'utf8';
SET CHARACTER SET utf8;

-- Заполнение таблицы "Пользователи"
INSERT INTO users (`firstname`, `lastname`, `email`, `phone`)
VALUES
('Николай','Ivanov','n.ivanov@gmail.com', '79037550013'),
('Sergey','Stolov','ssad2v4nov@yandex.ru', '79160510000'),
('Alexsandr','Aktubov','34v53@mail.ru', '79090544413'),
('Dmitry','Petrov','345vvy54@gmail.com', '79090595413'),
('Oleg','Emelyanov','hgh77@gmail.com', '79250545125'),
('Artem','Kolokol','6767@yandex.ru', '79250055400'),
('Vladislav','Evgeniev','2x3d@mail.ru', '79160545913'),
('Demyan','Zhemchuzhniy','fghsg@yandex.ru', '79070549513'),
('Stanislav','Arzamonov','78m7@yandex.ru', '79160745487'),
('Vladimir','Khizhnikov','12a22s1@yandex.ru', '79090045756'),
('Victor','Abramov','rrsddw@mail.ru', '79037545813'),
('Michail','Gaponenko','3232@mail.ru', '79090545413'),
('Igor','Ivanov','87mn@yandex.ru', '79090585453'),
('Pavel','Ivanov','3v54@gmail.com', '79090578759'),
('Denis','Ivanov','23ce3@gmail.com', '79090544413'),
('Evgeniy','Stulov','332124@mail.ru', '79090541413'),
('Vyacheslav','Muravcev','76j6j@inbox.ru', '79090540043'),
('Roman','Golubev','n.791605454713@mail.ru', '79160545471'),
('Leonid','Shmalov','97kmj@yandex.ru', '79037547413'),
('Aleksey','Zolotoy','67n@gmail.com', '79160549412'),
('Ilya','Igrovoy','Igrovoy@mail.ru', '79162545473'),
('Albert','Ugrymiy','n.12x@inbox.ru', '79250544147'),
('Tural','Zhemaletdinov','n.12c31@mail.ru', '79090544413'),
('Petr','Gaponenko','45345v@yandex.ru', '79160450413'),
('Veniamin','Pechatnikov','xzxczsa@yandex.ru', '79090542513'),
('Mark','Gorobtcov','12xww2@inbox.ru', '79090595783'),
('Innokenty','Nikchemniy','6868i@gmail.com', '79037940413'),
('Andrey','Pavlov','sadfasd-gfhfg@mail.ru', '79160548403'),
('Rishat','Guseinov','r.gus@yandex.ru', '79090555417'),
('Ruslan','Beliy','ev5v-mn5gf@yandex.ru', '79250510418'),
('Olga','Buzova','123edf@yandex.ru', '79037530417'),
('Alina','Kabaeva','m8kml-09@yandex.ru', '79160540413'),
('Ilona','Bronevitskaya','7m67nbytvt@yandex.ru', '79250548419'),
('Vera','Muller','ytmk-0oijh3@yandex.ru', '79160549413'),
('Anzhelika','Sergeeva','sfdsg4gw@yandex.ru', '79254579411'),
('Natalya','Bolkonskaya','dvwg@mail.ru', '79090545403'),
('Sofya','Dempher','hgn@mail.ru', '79250545417'),
('Tatyana','Lapina','iyutyt@gmail.com', '79090545411'),
('Zinaida','Larina','43rfd@mail.ru', '79160505413'),
('Anastasia','Gorobcova','nhjy65r@yandex.ru', '79091026413'),
('Ekatarina','Pavlova','n3qdqwa@inbox.ru', '79094975413'),
('Irina','Ivanova','12qwsa@inbox.ru', '79160505413'),
('Margarita','Abramova','ef4ov@yandex.ru', '79090465913'),
('Svetlana','Borzunova','we56-kj@mail.ru', '79037540413'),
('Darya','Petrova','aew34@mail.ru', '79160545753'),
('Anastasia','Tvorozhnaya','r5tg@yandex.ru', '79070511413'),
('Elizaveta','Belykh','j@yandex.ru', '79109487546'),
('Darya','Semenova','nsvzd@gmail.com', '79110553413'),
('Tatyana','Semenova','n76543@mail.ru', '79090540413'),
('Vera','Petrova','12345@mail.ru', '79037545413'),
('Alina','Izumrudnaya','654@yandex.ru', '79090545413'),
('Aleksey','Ivanovskiy','8765@mail.ru', '79090540413'),
('Alexsandr','Stanov','34@mail.ru', '79090500413'),
('Denis','Reroy','ntjgfbd@yandex.ru', '79090545413'),
('Aleksey','Marcus','qw@mail.ru', '79090541254'),
('Alexsandr','Krug','qadsd@gmail.com', '79090045413'),
('Demyan','Stinenko','Stinenko@inbox.ru', '79090545413'),
('Aleksey','Prokopenko','Prokopenko@list.ru', '79160541009'),
('Alexsandr','Dovlatov','Dovlatov@mail.ru', '79090545413'),
('Nikolay','Zhukov','Zhukov@gmail.com', '79037500413'),
('Alexsandr','Sergeev','Sergeev@gmail.com', '79090541365'),
('Dmitry','Paketov','Paketov@list.ru', '79090545430'),
('Nikolay','Batarnov','Batarnov@mail.ru', '79160541086'),
('Dmitry','Dud','Dud@yandex.ru', '79037540632'),
('Nikolay','Kirkorov','Kirkorov@list.ru', '79090545154'),
('Ruslan','Baskov','Baskov@mail.ru', '79160541584'),
('Dmitry','Nagiev','Nagiev@yandex.ru', '79090505421'),
('Alexsandr','Putin','Putin@mail.ru', '79250545442'),
('Tural','Gamov','Gamov@mail.ru', '79090545488'),
('Nikolay','Terentiev','Terentiev@yandex.ru', '79090005499'),
('Petr','Okhlamonov','Okhlamonov@list.ru', '79090545413'),
('Dmitry','Rasskazov','Rasskazov@mail.ru', '79250545400'),
('Rishat','Preobrazhenski','pre12@yandex.ru', '79090545063'),
('Evgeniy','Markov','bsvsd@mail.ru', '79250545413'),
('Sergey','Utyuzhniy','68k75j@mail.ru', '79094579864'),
('Sergey','Zeleniy','56tr@yandex.ru', '79090545419'),
('Pavel','Krasnov','78@gmal.com', '79090545483'),
('Nikolay','Belov','mj76htg@mail.ru', '79090545413'),
('Ruslan','Bagirov','12wsv@yandex.ru', '79090545497'),
('Sergey','Volniy','45tr@yandex.ru', '79250540013'),
('Sergey','Pavlenko','nyj65@mail.ru', '79160545413'),
('Alexsandr','Pavlenko','1qa@yandex.ru', '79037540023'),
('Ekatarina','Pistoletova','345@gmail.com', '79094659781'),
('Victoria','Zhvanetskaya','122-7654@yandex.ru', '79250545413'),
('Ekatarina','Philimonova','34rgv@mail.ru', '79160545413'),
('Margarita','Artemova','234uio-te@gmail.com', '79090545013'),
('Regina','Kvadratnaya','7ujkop-0oijh@yandex.ru', '79099998754'),
('Elizaveta','Tserkovnaya','Tserkovnaya@mail.ru', '79160545413'),
('Olga','Zerkalnaya','n.Zerkalnaya@yandex.ru', '79091112408'),
('Vera','Abramova','Abramova@list.ru', '79250545413'),
('Ilona','Ivanova','ivanovas@gmail.com', '79090545413'),
('Elizaveta','Petrova','Petrova@mail.ru', '79091342568'),
('Anastasia','Nevinosimaya','Nevinosimaya@gmail.com', '79090545413'),
('Irina','Lyanzberg','Lyanzberg@yandex.ru', '79090541579'),
('Anastasia','Buch','Buch@gmail.com', '79004579814'),
('Anastasia','Chasova','Chasova@mail.ru', '79097956428'),
('Ilona','Golubeva','Golubeva@inbox.ru', '79250545413'),
('Tatyana','Golubeva','Golubeva23e@yandex.ru', '79251246589'),
('Olga','Artemova','Artemovaw@gmail.com', '79212346598'),
('Darya','Pavlenko','Pavlenko2w@list.ru', '79160545413')
;

-- Создание таблицы "Профили"
INSERT INTO profiles (`user_id`, `gender`, `birthday`, `photo_id`, `created_at`, `driver_license`)
VALUES
('1','m','1992-02-15','1','2018-12-01', '9458965841'),
('2','m','1991-03-10','2','2019-11-01','1246758945'),
('3','m','1993-04-11','3','2017-10-08','1246598459'),
('4','m','1994-05-12','4','2019-09-02','1246969855'),
('5','m','1995-06-13','5','2015-08-02','1436894457'),
('6','m','1996-07-14','6','2017-07-02','4543445685'),
('7','m','1997-08-15','7','2018-06-02','7773934535'),
('8','m','1998-09-16','8','2019-05-22','5254343228'),
('9','m','1999-10-17','9','2019-04-12','5223138864'),
('10','m','1999-12-18','10','2020-01-12','4534535435'),
('11','m','1999-12-19','11','2020-02-12','1231231233'),
('12','m','1998-09-20','12','2018-03-22','7888582772'),
('13','m','1998-11-21','13','2018-02-22','8282412985'),
('14','m','1998-10-22','14','2018-01-22','4542542525'),
('15','m','1992-09-23','15','2018-01-22','4524242752'),
('16','m','1987-08-24','16','2018-02-23','4520770750'),
('17','m','1984-07-25','17','2018-03-23','4521078270'),
('18','m','1985-08-26','18','2018-04-12','7270787802'),
('19','m','1986-08-27','19','2018-05-13','7807986075'),
('20','m','1984-07-28','20','2017-06-13','4538858777'),
('21','m','1988-06-29','21','2017-07-07','8100454025'),
('22','m','1988-05-30','22','2017-08-07','4043250720'),
('23','m','1988-04-27','23','2017-09-07','9452074532'),
('24','m','1991-04-01','24','2017-10-19','1252087070'),
('25','m','1991-04-10','25','2017-11-19','7407569856'),
('26','m','1991-04-02','26','2017-12-19','1407425587'),
('27','m','1969-08-03','27','2017-12-19','7458545841'),
('28','m','1968-12-04','28','2017-10-19','7455865841'),
('29','m','1978-10-05','29','2017-11-10','7867865875'),
('30','m','2001-11-06','30','2017-09-10','4524007827'),
('31','f','2015-12-07','31','2017-09-10','4525425245'),
('32','f','1998-11-08','32','2019-08-15','5788681711'),
('33','f','1995-11-09','33','2019-07-15','7877527626'),
('34','f','1995-10-10','34','2019-06-15','7778678578'),
('35','f','1996-10-11','35','2019-07-15','4524245452'),
('36','f','1997-02-12','36','2019-04-15','4351757856'),
('37','f','1968-01-13','37','2019-05-08','4321238328'),
('38','f','1978-01-11','38','2019-05-08','1755787888'),
('39','f','1988-01-15','39','2019-05-08','1046343332'),
('40','f','1979-01-16','40','2019-04-05','4142257278'),
('41','f','1997-01-17','41','2019-04-05','7520702780'),
('42','f','2000-02-18','42','2018-04-06','4205478250'),
('43','f','2001-02-19','43','2018-04-07','4525052872'),
('44','f','1999-02-20','44','2018-06-07','4587807807'),
('45','f','1999-03-21','45','2018-07-08','7097607900'),
('46','f','1989-03-22','46','2017-08-31','7786609700'),
('47','f','1990-03-23','47','2017-08-25','9990707007'),
('48','f','1990-03-24','48','2017-08-11','7079670700'),
('49','f','1964-04-25','49','2017-08-17','9693336936'),
('50','f','1994-04-26','50','2017-09-18','9698383525'),
('51','m','1955-05-27','51','2018-09-30','3343438657'),
('52','m','1997-05-28','52','2018-03-25','7363738554'),
('53','m','1998-05-29','53','2018-03-25','4253434527'),
('54','m','1991-05-30','54','2018-03-25','3310780473'),
('55','m','1991-08-31','55','2018-03-16','4403887777'),
('56','m','1991-08-31','56','2018-03-17','7325242227'),
('57','m','1991-08-10','57','2018-03-18','3060434534'),
('58','m','1991-08-10','58','2018-03-19','1722728444'),
('59','m','1991-08-02','59','2017-04-14','1112457854'),
('60','m','1991-07-03','60','2017-04-06','3355554354'),
('61','m','1991-08-04','61','2017-04-07','7828377378'),
('62','m','1991-06-05','62','2017-04-08','4524573678'),
('63','m','1999-07-05','63','2017-05-09','1037830245'),
('64','m','1998-08-06','64','2017-05-09','2410282424'),
('65','m','1997-05-07','65','2017-05-10','1025254247'),
('66','m','1996-05-08','66','2017-01-10','1025443780'),
('67','m','1995-04-09','67','2017-01-10','1235437378'),
('68','m','1995-07-10','68','2019-01-11','9149541268'),
('69','m','1995-07-11','69','2019-01-11','1280343822'),
('70','m','1996-07-12','70','2019-01-11','1080349824'),
('71','m','1996-02-13','71','2019-01-11','9453282724'),
('72','m','1989-03-14','72','2019-01-18','4362955767'),
('73','m','1987-03-15','73','2019-05-12','1423038537'),
('74','m','1988-03-16','74','2019-05-12','7133594579'),
('75','m','1985-01-17','75','2020-02-29','1421695972'),
('76','m','1984-01-18','76','2020-01-02','4023829642'),
('77','m','1984-12-19','77','2018-05-30','1320006945'),
('78','m','1990-12-20','78','2018-02-13','6340532967'),
('79','m','1977-12-20','79','2018-02-28','4032625984'),
('80','m','1977-12-21','80','2018-02-20','1426294747'),
('81','f','1990-11-21','81','2019-01-30','7403026474'),
('82','f','1990-11-22','82','2019-05-30','7036426257'),
('83','f','1989-11-22','83','2019-07-05','1062567245'),
('84','f','1989-11-23','84','2019-07-05','4067295827'),
('85','f','1979-11-24','85','2019-07-17','4065954204'),
('86','f','2001-10-25','86','2019-08-19','4265545497'),
('87','f','2000-10-26','87','2019-09-12','4626427958'),
('88','f','2000-10-27','88','2019-04-12','2303462562'),
('89','f','2002-10-28','89','2019-05-12','4203628504'),
('90','f','1998-10-29','90','2019-02-17','4380596087'),
('91','f','1992-02-28','91','2018-03-18','4595928942'),
('92','f','1997-02-28','92','2018-03-10','4256459244'),
('93','f','1986-02-18','93','2018-03-12','4053628882'),
('94','f','1986-01-15','94','2018-04-20','4325642557'),
('95','f','1987-01-17','95','2018-08-20','4306269985'),
('96','f','1987-02-17','96','2017-09-20','5024625487'),
('97','f','1982-09-18','97','2017-07-21','4503838385'),
('98','f','1982-09-15','98','2017-05-23','4038882436'),
('99','f','1998-07-16','99','2017-04-24','3132672625'),
('100','f','1981-09-15','100','2017-05-24','3246050400')
;

-- Заполнение таблицы "Типы тарифов"
INSERT INTO tariff_types (`id`, `name`)
VALUES
	('1','Waiting'),
	('2','Fix'),
	('3','Minutes'),
	('4','Hours'),
	('5','Days'),
	('6','Intercity')
;

-- Заполнение таблицы "Категории машин"
INSERT INTO car_category (`id`, `name`)
VALUES
	('1','Every_day'),
	('2','Every_day_plus'),
	('3','Holiday'),
	('4','Fire'),
	('5','Lightning'),
	('6','Trunk'),
	('7','Shuttle')
;

-- Заполнение таблицы "Тарифы"
INSERT INTO tariffs (`id`, `car_category_id`, `tariff_types_id`, `price`)
VALUES
	('1','1','1','3'),
	('2','1','2','200'),
	('3','1','3','8'),
	('4','1','4','250'),
	('5','1','5','2500'),
	-- ('6','1','6',''),
	('7','2','1','4'),
	('8','2','2','400'),
	('9','2','3','12'),
	('10','2','4','430'),
	('11','2','5','4300'),
	-- ('12','2','6',''),
	('13','3','1','5'),
	('14','3','2','700'),
	('15','3','3','12'),
	('16','3','4','470'),
	('17','3','5','6600'),
	('18','3','6','10700'),
	('19','4','1','8'),
	('20','4','2','1000'),
	('21','4','3','27'),
	('22','4','4','780'),
	('23','4','5','10300'),
	('24','4','6','15000'),
	-- ('25','5','1',''),
	('26','5','2','650'),
	('27','5','3','12'),
	('28','5','4','590'),
	-- ('29','5','5',''),
	-- ('30','5','6',''),
	('31','6','1','7'),
	-- ('32','6','2',''),
	('33','6','3','15'),
	('34','6','4','550'),
	('35','6','5','4600'),
	('36','6','6','12500'),
	('37','7','1','8'),
	-- ('38','7','2',''),
	('39','7','3','24'),
	('40','7','4','850'),
	('41','7','5','5900'),
	('42','7','6','12900')
;

-- Заполнение таблицы "Модели машин"
INSERT INTO car_models (`id`, `mark`, `model`, `car_category_id`)
VALUES
	('1','KIA','Rio','1'),
	('2','KIA','X_line','1'),
	('3','Hyndai','Creta','1'),
	('4','Hyndai','Solaris','1'),
	('5','Volkswagen','Polo','1'),
	('6','Renault','Kaptur','1'),
	('7','Nissan','Qashqai','1'),
	('8','Skoda','Rapid','1'),
	('9','Skoda','Octavia','1'),
	('10','BMW','X1','2'),
	('11','BMW','320d','2'),
	('12','Volvo','XC40','2'),
	('13','Toyota','RAV4','2'),
	('14','Audi','Q3','2'),
	('15','Audi','Q3_quattro','2'),
	('16','Audi','A3','2'),
	('17','Genesis','G70','2'),
	('18','BMW','520i','3'),
	('19','Mersedes','C180','3'),
	('20','Mersedes','E200','3'),
	('21','Volvo','XC60','3'),
	('22','Porsche','Macan','4'),
	('23','Range_Rover','Velar','4'),
	('24','Nissan','Leaf','5'),
	('25','Volkswagen','Transporter','6'),
	('26','Citroen','Jumpy','6'),
	('27','Pegeout','Expert','6'),
	('28','Ford','Transit','6'),
	('29','Volkswagen','Caravelle','7'),
	('30','Ford','Kombi','7')
;

-- Заполнение таблицы "Типы медиафайлов"
INSERT INTO media_types (`id`, `name`)
VALUES
	('1','Photo'),
	('2','Voice_call'),
	('3','Pdf'),
	('4','Video')
;

-- Заполнение таблицы "Машины"
INSERT INTO cars (`reg_number`, `car_models_id`, `status`, `fuel`, `location_lat`, `location_lng`)
VALUES
('K123OK50', '1', 'free', '65', '55.721063', '37.543493'),
('O178AH50', '2', 'free', '20', '55.91545', '37.816726'),
('H797MB50', '3', 'free', '10', '55.83052', '37.613135'),
('C175XC50', '4', 'free', '20', '55.786438', '37.510139'),
('A857EE50', '5', 'free', '30', '55.646124', '37.661201'),
('C717TT50', '6', 'free', '40', '55.682607', '37.45658'),
('C715YY50', '7', 'free', '50', '55.903108', '37.721625'),
('K574OO50', '8', 'free', '60', '55.902337', '37.424995'),
('P777AA50', '9', 'free', '70', '55.937039', '37.36869'),
('P428PO50', '10', 'free', '80', '55.897708', '37.440787'),
('K123OK150', '11', 'busy', '90', '55.708203', '37.487479'),
('O178AH150', '12', 'free', '100', '55.678728', '37.580863'),
('H797MB150', '13', 'free', '10', '55.756247', '37.700339'),
('C175XC150', '14', 'busy', '20', '55.682607', '37.745658'),
('A857EE150', '1', 'free', '30', '55.615047', '37.589103'),
('C717TT150', '10', 'busy', '40', '55.913908', '37.733298'),
('C715YY150', '15', 'free', '50', '55.93781', '37.514945'),
('K574OO150', '16', 'free', '60', '55.705102', '37.347404'),
('P777AA150', '19', 'busy', '70', '55.784116', '37.337104'),
('P428PO150', '20', 'busy', '80', '55.762897', '37.860724'),
('K123OK77', '21', 'free', '90', '55.714086', '37.864843'),
('O178AH77', '20', 'free', '100', '55.793856', '37.939001'),
('H797MB77', '11', 'free', '71', '55.925157', '37.860724'),
('C175XC77', '5', 'free', '21', '55.665214', '37.698675'),
('A857EE77', '25', 'free', '31', '55.813193', '37.500921'),
('C717TT77', '6', 'free', '41', '55.886585', '37.620398'),
('C715YY77', '27', 'free', '51', '55.609285', '37.586065'),
('K574OO77', '28', 'service', '61', '55.740436', '37.583319'),
('P777AA77', '6', 'free', '71', '55.82479', '37.551733'),
('P428PO77', '6', 'free', '81', '55.764445', '37.698675'),
('K123OK90', '16', 'free', '91', '55.839476', '37.448736'),
('O178AH90', '6', 'free', '99', '55.88427', '37.518774'),
('H797MB90', '7', 'free', '80', '55.88427', '37.518774'),
('C175XC90', '7', 'free', '21', '55.685391', '37.609411'),
('A857EE90', '5', 'free', '31', '55.783023', '37.733008'),
('C717TT90', '5', 'free', '41', '55.64891', '37.726141'),
('C715YY90', '12', 'free', '55', '55.603843', '37.532507'),
('K574OO90', '9', 'free', '61', '55.906647', '37.588812'),
('P777AA90', '16', 'free', '71', '55.703231', '37.792059'),
('P428PO90', '7', 'free', '81', '55.74276', '37.407538'),
('K123OK190', '8', 'free', '71', '55.608508', '37.719275'),
('O178AH190', '1', 'free', '81', '55.840248', '37.555853'),
('H797MB190', '1', 'free', '48', '55.727263', '37.75498'),
('C175XC190', '2', 'busy', '99', '55.843339', '37.422644'),
('A857EE190', '2', 'free', '67', '55.915132', '37.403418'),
('C717TT190', '3', 'busy', '50', '55.67996', '37.878576'),
('C715YY190', '8', 'service', '31', '55.669871', '37.899176'),
('K574OO190', '9', 'busy', '41', '55.725713', '37.352606'),
('P777AA190', '10', 'free', '89', '55.748957', '37.605291'),
('P428PO190', '16', 'free', '61', '55.820152', '37.484442'),
('K123OK195', '18', 'busy', '71', '55.672976', '37.599798'),
('O178AH195', '19', 'free', '81', '55.74276', '37.77146'),
('H797MB195', '20', 'free', '90', '55.749732', '37.570959'),
('C175XC195', '21', 'busy', '100', '55.800045', '37.911535'),
('A857EE195', '23', 'busy', '77', '55.67996', '37.628637'),
('C717TT195', '11', 'busy', '46', '55.606953', '37.517401'),
('C715YY195', '12', 'busy', '90', '55.757476', '37.419897'),
('K574OO195', '11', 'free', '41', '55.741985', '37.691809'),
('P777AA195', '19', 'free', '51', '55.804686', '37.713781'),
('P428PO195', '1', 'busy', '61', '55.804686', '37.495428')
;

-- Заполнение таблицы "Медиафайлы"
INSERT INTO media (`id`, `media_type_id`, `user_id`, `body`, `filename`, `size`, `metadata`, `updated_at`)
VALUES
	('1','1', '1', 'passport photo1', 'photo_passport1.jpg', 7, NULL, '2019-06-19 18:11:58.000'),
    ('2','1', '2', 'passport photo2', 'photo_passport2.jpg', 7, NULL, '2019-06-19 18:11:58.000'),
    ('3','1', '3', 'passport photo3', 'photo_passport3.jpg', 7, NULL, '2019-06-19 18:11:58.000'),
    ('4','1', '12', 'passport photo4', 'photo_passport4.jpg', 7, NULL, '2019-06-19 18:11:58.000'),
    ('5','1', '44', 'passport photo5', 'photo_passport5.jpg', 7, NULL, '2019-06-19 18:11:58.000'),
    ('6','1', '6', 'passport photo6', 'photo_passport6.jpg', 7, NULL, '2019-06-19 18:11:58.000'),
    ('7','1', '15', 'passport photo7', 'photo_passport7.jpg', 7, NULL, '2019-06-19 18:11:58.000'),
    ('8','1', '68', 'passport photo8', 'photo_passport8.jpg', 7, NULL, '2019-06-19 18:11:58.000'),
    ('9','1', '94', 'passport photo9', 'photo_passport9.jpg', 7, NULL, '2019-06-19 18:11:58.000'),
    ('10','1', '35', 'passport photo10', 'photo_passport10.jpg', 7, NULL, '2019-06-19 18:11:58.000'),
    ('11','1', '82', 'inspection photo', 'inspection1.jpg', 7, NULL, '2019-06-19 18:11:58.000'),
    ('12','1', '2', 'inspection photo', 'inspection2.jpg', 7, NULL, '2019-06-19 18:11:58.000'),
    ('13','1', '47', 'inspection photo', 'inspection3.jpg', 7, NULL, '2019-06-19 18:11:58.000'),
    ('14','1', '88', 'inspection photo', 'inspection4.jpg', 7, NULL, '2019-06-19 18:11:58.000'),
    ('15','1', '2', 'inspection photo', 'inspection5.jpg', 7, NULL, '2019-06-19 18:11:58.000'),
    ('16','1', '55', 'accident photo', 'accident1.jpg', 7, NULL, '2019-06-19 18:11:58.000'),
    ('17','1', '90', 'accident photo', 'accident2.jpg', 7, NULL, '2019-06-19 18:11:58.000'),
    ('18','1', '12', 'accident photo', 'accident3.jpg', 7, NULL, '2019-06-19 18:11:58.000'),
    ('19','1', '7', 'accident photo', 'accident4.jpg', 7, NULL, '2019-06-19 18:11:58.000'),
    ('20','1', '2', 'accident photo', 'accident5.jpg', 7, NULL, '2019-06-19 18:11:58.000')
;

-- Заполнение таблицы "Осмотры"
INSERT INTO inspections (`id`, `car_id`, `media_id`, `created_at`, `discription`)
VALUES
	('1','5', '11', '2019-06-19 18:11:58.000', 'Скол на левом крыле'),
    ('2','9', '12', '2019-05-19 18:11:58.000', 'Царапина'),
    ('3','23', '13', '2019-07-19 18:11:58.000', 'Поврежден диск'),
    ('4','14', '14', '2019-08-19 18:11:58.000', 'Трещина на стекле'),
    ('5','18', '15', '2019-09-19 18:11:58.000', 'Вмятина на багажнике')
;

-- Заполнение таблицы "Поездки"
INSERT INTO trips (`id`, `user_id`, `car_id`, `started_at`)
VALUES
('1', '1', '1', '2019-09-19 18:11:58.000'),
('2', '2', '2', '2019-10-19 18:11:58.000'),
('3', '78', '3', '2019-11-19 18:11:58.000'),
('4', '4', '4', '2019-12-19 18:11:58.000'),
('5', '10', '5', '2019-01-19 18:11:58.000'),
('6', '6', '6', '2019-02-19 18:11:58.000'),
('7', '7', '7', '2019-03-19 18:11:58.000'),
('8', '14', '8', '2019-04-19 18:11:58.000'),
('9', '42', '9', '2019-05-19 18:11:58.000'),
('10', '10', '10', '2019-06-19 18:11:58.000'),
('11', '12', '11', '2019-07-19 18:11:58.000'),
('12', '41', '12', '2019-08-19 18:11:58.000'),
('13', '13', '13', '2019-09-19 18:11:58.000'),
('14', '14', '14', '2019-10-19 18:11:58.000'),
('15', '65', '15', '2019-11-19 18:11:58.000'),
('16', '16', '16', '2019-12-19 18:11:58.000'),
('17', '17', '17', '2019-01-19 18:11:58.000'),
('18', '64', '18', '2019-02-19 18:11:58.000'),
('19', '10', '19', '2019-03-19 18:11:58.000'),
('20', '20', '20', '2019-04-19 18:11:58.000'),
('21', '52', '4', '2019-05-19 18:11:58.000'),
('22', '22', '5', '2019-06-19 18:11:58.000'),
('23', '38', '6', '2019-07-19 18:11:58.000'),
('24', '24', '7', '2019-08-19 18:11:58.000'),
('25', '25', '8', '2019-09-19 18:11:58.000'),
('26', '26', '26', '2019-10-19 18:11:58.000'),
('27', '27', '27', '2019-11-19 18:11:58.000'),
('28', '28', '4', '2019-12-19 18:11:58.000'),
('29', '77', '5', '2019-02-19 18:11:58.000'),
('30', '15', '30', '2019-03-19 18:11:58.000'),
('31', '31', '4', '2019-09-19 18:11:58.000')
;

-- Заполнение таблицы "Чеки"
INSERT INTO receipts (`id`, `trip_id`, `cost`, `created_at`)
VALUES
('1', '1', '100', '2019-09-19 18:15:58.000'),
('2', '2', '110', '2019-10-19 18:16:58.000'),
('3', '3', '120', '2019-11-19 18:17:58.000'),
('4', '4', '130', '2019-12-19 18:18:58.000'),
('5', '5', '140', '2019-01-19 18:19:58.000'),
('6', '6', '100', '2019-02-19 18:15:58.000'),
('7', '7', '110', '2019-03-19 18:16:58.000'),
('8', '8', '120', '2019-04-19 18:17:58.000'),
('9', '9', '130', '2019-05-19 18:18:58.000'),
('10', '10', '140', '2019-06-19 18:19:58.000'),
('11', '11', '100', '2019-07-19 18:14:58.000'),
('12', '12', '350', '2019-08-19 18:35:58.000'),
('13', '13', '120', '2019-09-19 18:19:58.000'),
('14', '14', '130', '2019-10-19 18:17:58.000'),
('15', '15', '420', '2019-11-19 19:05:58.000'),
('16', '16', '100', '2019-12-19 18:19:58.000'),
('17', '17', '110', '2019-01-19 18:15:58.000'),
('18', '18', '120', '2019-02-19 18:16:58.000'),
('19', '19', '130', '2019-03-19 18:12:58.000'),
('20', '20', '500', '2019-04-19 19:11:58.000'),
('21', '21', '100', '2019-05-19 18:13:58.000'),
('22', '22', '110', '2019-06-19 18:13:58.000'),
('23', '23', '274', '2019-07-19 18:20:58.000'),
('24', '24', '130', '2019-08-19 18:19:58.000'),
('25', '25', '140', '2019-09-19 18:37:58.000'),
('26', '26', '100', '2019-10-19 18:18:58.000'),
('27', '27', '110', '2019-11-19 18:17:58.000'),
('28', '28', '120', '2019-12-19 18:27:58.000'),
('29', '29', '130', '2019-02-19 18:34:58.000'),
('30', '30', '140', '2019-03-19 18:45:58.000'),
('31', '31', '141', '2019-09-19 18:46:58.000')
;

-- Заполнение таблицы "Маршруты"
INSERT INTO routes (`id`, `trip_id`, `start_lat`, `start_lng`, `finish_lat`, `finish_lng`)
VALUES
('1', '1', '55.721063', '37.543493', '55.88427', '37.518774'),
('2', '2', '55.91545', '37.816726', '55.88427', '37.518774'),
('3', '3', '55.83052', '37.613135', '55.685391', '37.609411'),
('4', '4', '55.786438', '37.510139', '55.783023', '37.733008'),
('5', '5', '55.646124', '37.661201', '55.64891', '37.726141'),
('6', '6', '55.682607', '37.45658', '55.603843', '37.532507'),
('7', '7', '55.903108', '37.721625', '55.906647', '37.588812'),
('8', '8', '55.902337', '37.424995', '55.703231', '37.792059'),
('9', '9', '55.937039', '37.36869', '55.74276', '37.407538'),
('10', '10', '55.897708', '37.440787', '55.608508', '37.719275'),
('11', '11', '55.708203', '37.487479', '55.840248', '37.555853'),
('12', '12', '55.678728', '37.580863', '55.727263', '37.75498'),
('13', '13', '55.756247', '37.700339', '55.843339', '37.422644'),
('14', '14', '55.682607', '37.745658', '55.915132', '37.403418'),
('15', '15', '55.615047', '37.589103', '55.67996', '37.878576'),
('16', '16', '55.913908', '37.733298', '55.669871', '37.899176'),
('17', '17', '55.93781', '37.514945', '55.725713', '37.352606'),
('18', '18', '55.705102', '37.347404', '55.748957', '37.605291'),
('19', '19', '55.784116', '37.337104', '55.820152', '37.484442'),
('20', '20', '55.762897', '37.860724', '55.672976', '37.599798'),
('21', '21', '55.714086', '37.864843', '55.74276', '37.77146'),
('22', '22', '55.793856', '37.939001', '55.749732', '37.570959'),
('23', '23', '55.925157', '37.860724', '55.800045', '37.911535'),
('24', '24', '55.665214', '37.698675', '55.67996', '37.628637'),
('25', '25', '55.813193', '37.500921', '55.606953', '37.517401'),
('26', '26', '55.886585', '37.620398', '55.757476', '37.419897'),
('27', '27', '55.609285', '37.586065', '55.741985', '37.691809'),
('28', '28', '55.740436', '37.583319', '55.804686', '37.713781'),
('29', '29', '55.82479', '37.551733', '55.804686', '37.495428'),
('30', '30', '55.764445', '37.698675', '55.839476', '37.448736'),
('31', '31', '55.757476', '37.620398', '55.665214', '37.500921')
;
